Versus Player,Innings,Runs,Balls,Outs,Avg,SR,HS,50,100,4s,6s,Dot %,Key
A Nortje , 2 , 19 , 35 , 2 , 9.5 , 54.3 , 12 , 0 , 0 , 3 , 0 , 71.4 ,SPD+Smith
A Phillip , 1 , 2 , 3 , 0 , - , 66.7 , 2 , 0 , 0 , 0 , 0 , 33.3 ,SPD+Smith
AD Mathews , 2 , 6 , 22 , 0 , - , 27.3 , 4 , 0 , 0 , 0 , 0 , 81.8 ,SPD+Smith
AS Joseph , 2 , 27 , 41 , 1 , 27.0 , 65.9 , 27 , 0 , 0 , 4 , 0 , 65.9 ,SPD+Smith
Asad Shafiq , 1 , 0 , 2 , 0 , - , 0.0 , 0 , 0 , 0 , 0 , 0 , 100.0 ,SPD+Smith
Azhar Ali , 6 , 29 , 46 , 0 , - , 63.0 , 10 , 0 , 0 , 0 , 0 , 52.2 ,SPD+Smith
B Kumar , 6 , 63 , 110 , 2 , 31.5 , 57.3 , 22 , 0 , 0 , 8 , 0 , 70.9 ,SPD+Smith
BA Stokes , 18 , 321 , 490 , 3 , 107.0 , 65.5 , 40 , 0 , 0 , 45 , 0 , 67.1 ,SPD+Smith
Babar Azam , 1 , 2 , 5 , 0 , - , 40.0 , 2 , 0 , 0 , 0 , 0 , 60.0 ,SPD+Smith
C de Grandhomme , 3 , 19 , 100 , 1 , 19.0 , 19.0 , 9 , 0 , 0 , 1 , 0 , 85.0 ,SPD+Smith
C Overton , 4 , 99 , 161 , 1 , 99.0 , 61.5 , 50 , 1 , 0 , 11 , 0 , 65.8 ,SPD+Smith
CAK Rajitha , 1 , 21 , 51 , 0 , - , 41.2 , 21 , 0 , 0 , 2 , 0 , 72.5 ,SPD+Smith
CJ Anderson , 1 , 12 , 32 , 0 , - , 37.5 , 12 , 0 , 0 , 1 , 0 , 71.9 ,SPD+Smith
CR Brathwaite , 2 , 29 , 42 , 0 , - , 69.0 , 18 , 0 , 0 , 1 , 0 , 61.9 ,SPD+Smith
CR Woakes , 15 , 268 , 483 , 4 , 67.0 , 55.5 , 46 , 0 , 0 , 37 , 1 , 72.9 ,SPD+Smith
CT Tremlett , 7 , 70 , 121 , 4 , 17.5 , 57.9 , 19 , 0 , 0 , 8 , 0 , 73.6 ,SPD+Smith
D Bishoo , 1 , 10 , 19 , 1 , 10.0 , 52.6 , 10 , 0 , 0 , 1 , 0 , 68.4 ,SPD+Smith
D Elgar , 4 , 22 , 41 , 2 , 11.0 , 53.7 , 20 , 0 , 0 , 0 , 1 , 63.4 ,SPD+Smith
DAJ Bracewell , 6 , 76 , 133 , 0 , - , 57.1 , 33 , 0 , 0 , 9 , 1 , 73.7 ,SPD+Smith
Danish Kaneria , 4 , 46 , 43 , 2 , 23.0 , 107.0 , 33 , 0 , 0 , 6 , 2 , 60.5 ,SPD+Smith
DC Thomas , 1 , 0 , 5 , 0 , - , 0.0 , 0 , 0 , 0 , 0 , 0 , 100.0 ,SPD+Smith
DJ Malan , 4 , 35 , 75 , 0 , - , 46.7 , 13 , 0 , 0 , 2 , 0 , 64.0 ,SPD+Smith
DM de Silva , 2 , 9 , 18 , 0 , - , 50.0 , 6 , 0 , 0 , 0 , 0 , 50.0 ,SPD+Smith
DW Steyn , 3 , 27 , 62 , 1 , 27.0 , 43.5 , 16 , 0 , 0 , 5 , 0 , 80.6 ,SPD+Smith
Faheem Ashraf , 1 , 10 , 23 , 0 , - , 43.5 , 10 , 0 , 0 , 2 , 0 , 82.6 ,SPD+Smith
GP Swann , 16 , 159 , 291 , 3 , 53.0 , 54.6 , 34 , 0 , 0 , 8 , 5 , 69.8 ,SPD+Smith
Hasan Ali , 3 , 19 , 73 , 1 , 19.0 , 26.0 , 8 , 0 , 0 , 3 , 0 , 89.0 ,SPD+Smith
HMRKB Herath , 6 , 79 , 189 , 5 , 15.8 , 41.8 , 30 , 0 , 0 , 6 , 1 , 77.8 ,SPD+Smith
I Sharma , 14 , 176 , 364 , 1 , 176.0 , 48.4 , 37 , 0 , 0 , 20 , 0 , 75.3 ,SPD+Smith
Iftikhar Ahmed , 1 , 2 , 3 , 0 , - , 66.7 , 2 , 0 , 0 , 0 , 0 , 33.3 ,SPD+Smith
IJL Trott , 1 , 10 , 10 , 0 , - , 100.0 , 10 , 0 , 0 , 0 , 1 , 70.0 ,SPD+Smith
Imam-ul-Haq , 1 , 2 , 3 , 0 , - , 66.7 , 2 , 0 , 0 , 0 , 0 , 33.3 ,SPD+Smith
Imran Khan , 3 , 37 , 47 , 0 , - , 78.7 , 19 , 0 , 0 , 5 , 0 , 63.8 ,SPD+Smith
J Blackwood , 2 , 1 , 8 , 0 , - , 12.5 , 1 , 0 , 0 , 0 , 0 , 87.5 ,SPD+Smith
J Yadav , 2 , 20 , 36 , 0 , - , 55.6 , 16 , 0 , 0 , 1 , 0 , 58.3 ,SPD+Smith
JA Raval , 1 , 2 , 3 , 0 , - , 66.7 , 2 , 0 , 0 , 0 , 0 , 33.3 ,SPD+Smith
JA Warrican , 3 , 53 , 60 , 1 , 53.0 , 88.3 , 26 , 0 , 0 , 3 , 0 , 36.7 ,SPD+Smith
JC Archer , 5 , 94 , 164 , 0 , - , 57.3 , 37 , 0 , 0 , 15 , 0 , 73.8 ,SPD+Smith
JDF Vandersay , 1 , 3 , 5 , 0 , - , 60.0 , 3 , 0 , 0 , 0 , 0 , 40.0 ,SPD+Smith
JDS Neesham , 1 , 6 , 2 , 0 , - , 300.0 , 6 , 0 , 0 , 1 , 0 , 0.0 ,SPD+Smith
JE Root , 13 , 88 , 137 , 2 , 44.0 , 64.2 , 25 , 0 , 0 , 5 , 1 , 56.2 ,SPD+Smith
JE Taylor , 5 , 45 , 121 , 1 , 45.0 , 37.2 , 17 , 0 , 0 , 2 , 0 , 75.2 ,SPD+Smith
JJ Bumrah , 5 , 52 , 114 , 1 , 52.0 , 45.6 , 38 , 0 , 0 , 7 , 0 , 78.1 ,SPD+Smith
JL Denly , 3 , 30 , 39 , 0 , - , 76.9 , 18 , 0 , 0 , 4 , 0 , 53.8 ,SPD+Smith
JM Anderson , 36 , 402 , 966 , 8 , 50.2 , 41.6 , 37 , 0 , 0 , 55 , 0 , 80.3 ,SPD+Smith
JNT Seales , 2 , 23 , 31 , 0 , - , 74.2 , 22 , 0 , 0 , 2 , 0 , 61.3 ,SPD+Smith
JO Holder , 10 , 106 , 191 , 1 , 106.0 , 55.5 , 28 , 0 , 0 , 7 , 0 , 67.5 ,SPD+Smith
JP Duminy , 5 , 39 , 77 , 0 , - , 50.6 , 14 , 0 , 0 , 2 , 0 , 66.2 ,SPD+Smith
JT Ball , 1 , 30 , 55 , 0 , - , 54.5 , 30 , 0 , 0 , 4 , 0 , 72.7 ,SPD+Smith
K Rabada , 14 , 112 , 226 , 4 , 28.0 , 49.6 , 18 , 0 , 0 , 14 , 2 , 79.6 ,SPD+Smith
KA Maharaj , 11 , 104 , 243 , 3 , 34.7 , 42.8 , 27 , 0 , 0 , 9 , 2 , 77.0 ,SPD+Smith
KAJ Roach , 5 , 133 , 185 , 0 , - , 71.9 , 50 , 1 , 0 , 16 , 0 , 65.4 ,SPD+Smith
KC Brathwaite , 6 , 113 , 185 , 0 , - , 61.1 , 37 , 0 , 0 , 3 , 1 , 58.9 ,SPD+Smith
KJ Abbott , 6 , 78 , 113 , 1 , 78.0 , 69.0 , 29 , 0 , 0 , 12 , 0 , 72.6 ,SPD+Smith
KR Mayers , 1 , 17 , 40 , 0 , - , 42.5 , 17 , 0 , 0 , 2 , 0 , 80.0 ,SPD+Smith
KS Williamson , 2 , 6 , 10 , 0 , - , 60.0 , 4 , 0 , 0 , 0 , 0 , 40.0 ,SPD+Smith
Kuldeep Yadav , 1 , 19 , 35 , 0 , - , 54.3 , 19 , 0 , 0 , 2 , 0 , 62.9 ,SPD+Smith
KV Sharma , 2 , 53 , 73 , 0 , - , 72.6 , 43 , 0 , 0 , 4 , 0 , 52.1 ,SPD+Smith
L Ngidi , 4 , 33 , 51 , 0 , - , 64.7 , 15 , 0 , 0 , 6 , 0 , 76.5 ,SPD+Smith
LH Ferguson , 1 , 4 , 19 , 0 , - , 21.1 , 4 , 0 , 0 , 0 , 0 , 78.9 ,SPD+Smith
M Jansen , 2 , 30 , 62 , 0 , - , 48.4 , 21 , 0 , 0 , 4 , 0 , 79.0 ,SPD+Smith
M Morkel , 8 , 70 , 147 , 3 , 23.3 , 47.6 , 19 , 0 , 0 , 12 , 1 , 81.6 ,SPD+Smith
M Theekshana , 1 , 27 , 40 , 0 , - , 67.5 , 27 , 0 , 0 , 3 , 0 , 60.0 ,SPD+Smith
M Vijay , 3 , 23 , 60 , 0 , - , 38.3 , 9 , 0 , 0 , 1 , 0 , 68.3 ,SPD+Smith
MA Wood , 10 , 92 , 193 , 2 , 46.0 , 47.7 , 32 , 0 , 0 , 9 , 1 , 74.6 ,SPD+Smith
MD Craig , 5 , 53 , 83 , 2 , 26.5 , 63.9 , 32 , 0 , 0 , 5 , 0 , 57.8 ,SPD+Smith
MDK Perera , 6 , 82 , 125 , 1 , 82.0 , 65.6 , 43 , 0 , 0 , 9 , 0 , 60.8 ,SPD+Smith
Mehidy Hasan Miraz , 3 , 42 , 74 , 1 , 42.0 , 56.8 , 21 , 0 , 0 , 4 , 0 , 64.9 ,SPD+Smith
MJ Henry , 5 , 86 , 121 , 1 , 86.0 , 71.1 , 27 , 0 , 0 , 9 , 0 , 63.6 ,SPD+Smith
MJ Leach , 8 , 137 , 212 , 2 , 68.5 , 64.6 , 45 , 0 , 0 , 9 , 3 , 62.3 ,SPD+Smith
MJ Santner , 4 , 50 , 117 , 0 , - , 42.7 , 26 , 0 , 0 , 4 , 1 , 77.8 ,SPD+Smith
MM Ali , 13 , 341 , 467 , 3 , 113.7 , 73.0 , 65 , 2 , 0 , 31 , 3 , 58.5 ,SPD+Smith
Mohammad Abbas , 1 , 3 , 14 , 0 , - , 21.4 , 3 , 0 , 0 , 0 , 0 , 85.7 ,SPD+Smith
Mohammad Amir , 6 , 72 , 143 , 1 , 72.0 , 50.3 , 25 , 0 , 0 , 6 , 0 , 73.4 ,SPD+Smith
Mohammad Asif , 2 , 16 , 26 , 0 , - , 61.5 , 13 , 0 , 0 , 3 , 0 , 73.1 ,SPD+Smith
Mohammad Hafeez , 2 , 18 , 49 , 0 , - , 36.7 , 11 , 0 , 0 , 1 , 0 , 77.6 ,SPD+Smith
Mohammed Shami , 7 , 113 , 157 , 1 , 113.0 , 72.0 , 41 , 0 , 0 , 15 , 0 , 64.3 ,SPD+Smith
Mohammed Siraj , 5 , 43 , 102 , 1 , 43.0 , 42.2 , 24 , 0 , 0 , 2 , 1 , 74.5 ,SPD+Smith
MS Crane , 1 , 26 , 41 , 0 , - , 63.4 , 26 , 0 , 0 , 1 , 0 , 53.7 ,SPD+Smith
MS Panesar , 3 , 18 , 39 , 1 , 18.0 , 46.2 , 12 , 0 , 0 , 2 , 0 , 74.4 ,SPD+Smith
Muhammad Musa , 1 , 5 , 7 , 0 , - , 71.4 , 5 , 0 , 0 , 0 , 0 , 57.1 ,SPD+Smith
Mustafizur Rahman , 3 , 29 , 30 , 0 , - , 96.7 , 19 , 0 , 0 , 5 , 0 , 60.0 ,SPD+Smith
N Pradeep , 1 , 2 , 12 , 0 , - , 16.7 , 2 , 0 , 0 , 0 , 0 , 91.7 ,SPD+Smith
N Wagner , 7 , 80 , 214 , 5 , 16.0 , 37.4 , 27 , 0 , 0 , 6 , 1 , 79.0 ,SPD+Smith
NA Saini , 4 , 52 , 95 , 0 , - , 54.7 , 24 , 0 , 0 , 7 , 0 , 73.7 ,SPD+Smith
Naseem Shah , 4 , 18 , 60 , 2 , 9.0 , 30.0 , 14 , 0 , 0 , 2 , 0 , 85.0 ,SPD+Smith
Nauman Ali , 4 , 90 , 236 , 1 , 90.0 , 38.1 , 32 , 0 , 0 , 9 , 0 , 77.1 ,SPD+Smith
NGRP Jayasuriya , 2 , 45 , 106 , 1 , 45.0 , 42.5 , 45 , 0 , 0 , 5 , 0 , 74.5 ,SPD+Smith
OE Robinson , 5 , 18 , 76 , 2 , 9.0 , 23.7 , 12 , 0 , 0 , 2 , 0 , 90.8 ,SPD+Smith
PADLR Sandakan , 3 , 56 , 93 , 0 , - , 60.2 , 26 , 0 , 0 , 4 , 0 , 60.2 ,SPD+Smith
PP Ojha , 3 , 55 , 123 , 1 , 55.0 , 44.7 , 23 , 0 , 0 , 4 , 3 , 78.0 ,SPD+Smith
R Ashwin , 19 , 412 , 694 , 6 , 68.7 , 59.4 , 66 , 2 , 0 , 37 , 5 , 64.8 ,SPD+Smith
R McLaren , 1 , 23 , 47 , 1 , 23.0 , 48.9 , 23 , 0 , 0 , 3 , 0 , 78.7 ,SPD+Smith
RA Jadeja , 12 , 181 , 534 , 4 , 45.2 , 33.9 , 59 , 1 , 0 , 17 , 0 , 78.3 ,SPD+Smith
Rahat Ali , 6 , 61 , 112 , 0 , - , 54.5 , 36 , 0 , 0 , 10 , 0 , 78.6 ,SPD+Smith
RAS Lakmal , 1 , 13 , 19 , 0 , - , 68.4 , 13 , 0 , 0 , 0 , 0 , 57.9 ,SPD+Smith
RG Sharma , 2 , 28 , 34 , 0 , - , 82.4 , 25 , 0 , 0 , 2 , 0 , 52.9 ,SPD+Smith
RJ Peterson , 1 , 14 , 32 , 0 , - , 43.8 , 14 , 0 , 0 , 1 , 0 , 68.8 ,SPD+Smith
RL Chase , 3 , 76 , 104 , 0 , - , 73.1 , 54 , 1 , 0 , 7 , 0 , 54.8 ,SPD+Smith
RTM Mendis , 2 , 55 , 85 , 0 , - , 64.7 , 52 , 1 , 0 , 6 , 0 , 58.8 ,SPD+Smith
Sajid Khan , 3 , 42 , 117 , 0 , - , 35.9 , 17 , 0 , 0 , 1 , 0 , 69.2 ,SPD+Smith
SC Cook , 1 , 1 , 2 , 0 , - , 50.0 , 1 , 0 , 0 , 0 , 0 , 50.0 ,SPD+Smith
SC Kerrigan , 1 , 16 , 23 , 0 , - , 69.6 , 16 , 0 , 0 , 2 , 0 , 60.9 ,SPD+Smith
SCJ Broad , 40 , 520 ," 1,015 ", 9 , 57.8 , 51.2 , 45 , 0 , 0 , 71 , 2 , 75.9 ,SPD+Smith
SG Borthwick , 1 , 37 , 29 , 0 , - , 127.6 , 37 , 0 , 0 , 5 , 1 , 51.7 ,SPD+Smith
Shafiul Islam , 1 , 4 , 6 , 0 , - , 66.7 , 4 , 0 , 0 , 1 , 0 , 83.3 ,SPD+Smith
Shaheen Shah Afridi , 4 , 45 , 101 , 1 , 45.0 , 44.6 , 15 , 0 , 0 , 6 , 0 , 76.2 ,SPD+Smith
Shakib Al Hasan , 3 , 27 , 84 , 1 , 27.0 , 32.1 , 18 , 0 , 0 , 2 , 0 , 79.8 ,SPD+Smith
SK Raina , 2 , 21 , 39 , 0 , - , 53.8 , 18 , 0 , 0 , 2 , 0 , 69.2 ,SPD+Smith
SM Curran , 2 , 28 , 56 , 0 , - , 50.0 , 22 , 0 , 0 , 3 , 0 , 75.0 ,SPD+Smith
SN Thakur , 2 , 35 , 40 , 0 , - , 87.5 , 26 , 0 , 0 , 6 , 0 , 70.0 ,SPD+Smith
Sohail Khan , 1 , 59 , 64 , 0 , - , 92.2 , 59 , 1 , 0 , 8 , 0 , 60.9 ,SPD+Smith
ST Finn , 7 , 94 , 145 , 3 , 31.3 , 64.8 , 35 , 0 , 0 , 11 , 0 , 71.7 ,SPD+Smith
ST Gabriel , 2 , 7 , 31 , 0 , - , 22.6 , 6 , 0 , 0 , 1 , 0 , 87.1 ,SPD+Smith
T Natarajan , 2 , 13 , 29 , 0 , - , 44.8 , 11 , 0 , 0 , 1 , 0 , 75.9 ,SPD+Smith
T Shamsi , 2 , 44 , 64 , 0 , - , 68.8 , 23 , 0 , 0 , 7 , 0 , 71.9 ,SPD+Smith
TA Boult , 10 , 154 , 259 , 4 , 38.5 , 59.5 , 49 , 0 , 0 , 22 , 0 , 74.9 ,SPD+Smith
Taijul Islam , 3 , 17 , 24 , 2 , 8.5 , 70.8 , 9 , 0 , 0 , 3 , 0 , 66.7 ,SPD+Smith
TD Astle , 1 , 20 , 60 , 0 , - , 33.3 , 20 , 0 , 0 , 2 , 0 , 80.0 ,SPD+Smith
TG Southee , 12 , 167 , 319 , 0 , - , 52.4 , 37 , 0 , 0 , 28 , 0 , 77.7 ,SPD+Smith
TK Curran , 3 , 39 , 91 , 1 , 39.0 , 42.9 , 17 , 0 , 0 , 2 , 0 , 70.3 ,SPD+Smith
TT Bresnan , 11 , 61 , 182 , 2 , 30.5 , 33.5 , 15 , 0 , 0 , 4 , 1 , 83.0 ,SPD+Smith
Umar Amin , 1 , 0 , 1 , 0 , - , 0.0 , 0 , 0 , 0 , 0 , 0 , 100.0 ,SPD+Smith
Umar Gul , 3 , 26 , 39 , 1 , 26.0 , 66.7 , 20 , 0 , 0 , 1 , 0 , 61.5 ,SPD+Smith
UT Yadav , 15 , 263 , 390 , 4 , 65.8 , 67.4 , 49 , 0 , 0 , 31 , 0 , 64.1 ,SPD+Smith
V Permaul , 2 , 110 , 135 , 0 , - , 81.5 , 79 , 1 , 0 , 13 , 4 , 63.7 ,SPD+Smith
VD Philander , 12 , 125 , 214 , 0 , - , 58.4 , 34 , 0 , 0 , 18 , 1 , 74.8 ,SPD+Smith
VR Aaron , 4 , 98 , 99 , 0 , - , 99.0 , 42 , 0 , 0 , 17 , 0 , 58.6 ,SPD+Smith
Wahab Riaz , 5 , 86 , 99 , 1 , 86.0 , 86.9 , 41 , 0 , 0 , 13 , 0 , 59.6 ,SPD+Smith
Washington Sundar , 2 , 22 , 35 , 1 , 22.0 , 62.9 , 22 , 0 , 0 , 3 , 0 , 68.6 ,SPD+Smith
WB Rankin , 1 , 11 , 15 , 0 , - , 73.3 , 11 , 0 , 0 , 2 , 0 , 66.7 ,SPD+Smith
WD Parnell , 1 , 9 , 11 , 0 , - , 81.8 , 9 , 0 , 0 , 1 , 0 , 63.6 ,SPD+Smith
WER Somerville , 1 , 22 , 25 , 0 , - , 88.0 , 22 , 0 , 0 , 2 , 0 , 56.0 ,SPD+Smith
Yasir Shah , 10 , 211 , 408 , 7 , 30.1 , 51.7 , 40 , 0 , 0 , 21 , 2 , 75.7 ,SPD+Smith
Zulfiqar Babar , 4 , 82 , 141 , 1 , 82.0 , 58.2 , 54 , 1 , 0 , 12 , 0 , 75.2 ,SPD+Smith
Total,645,"8,543","15,709",136,62.8,54.4,79,12,0,943,48,71.4,SPD+Smith
A Nortje , 2 , 44 , 68 , 1 , 44.0 , 64.7 , 33 , 0 , 0 , 7 , 0 , 70.6 ,V+Kohli
AB de Villiers , 1 , 1 , 2 , 0 , - , 50.0 , 1 , 0 , 0 , 0 , 0 , 50.0 ,V+Kohli
Abu Jayed , 2 , 27 , 20 , 1 , 27.0 , 135.0 , 27 , 0 , 0 , 5 , 0 , 45.0 ,V+Kohli
AD Mathews , 4 , 14 , 45 , 1 , 14.0 , 31.1 , 7 , 0 , 0 , 2 , 0 , 84.4 ,V+Kohli
AK Markram , 1 , 1 , 2 , 0 , - , 50.0 , 1 , 0 , 0 , 0 , 0 , 50.0 ,V+Kohli
AL Phehlukwayo , 1 , 7 , 12 , 0 , - , 58.3 , 7 , 0 , 0 , 1 , 0 , 75.0 ,V+Kohli
Al-Amin Hossain , 1 , 28 , 55 , 0 , - , 50.9 , 28 , 0 , 0 , 4 , 0 , 76.4 ,V+Kohli
AS Joseph , 1 , 2 , 7 , 1 , 2.0 , 28.6 , 2 , 0 , 0 , 0 , 0 , 85.7 ,V+Kohli
AU Rashid , 13 , 289 , 463 , 4 , 72.2 , 62.4 , 67 , 1 , 0 , 28 , 1 , 64.4 ,V+Kohli
AY Patel , 2 , 7 , 19 , 1 , 7.0 , 36.8 , 7 , 0 , 0 , 0 , 0 , 73.7 ,V+Kohli
BA Stokes , 20 , 223 , 344 , 6 , 37.2 , 64.8 , 47 , 0 , 0 , 33 , 0 , 68.3 ,V+Kohli
BW Hilfenhaus , 7 , 57 , 122 , 3 , 19.0 , 46.7 , 23 , 0 , 0 , 8 , 0 , 80.3 ,V+Kohli
C de Grandhomme , 3 , 5 , 31 , 1 , 5.0 , 16.1 , 4 , 0 , 0 , 0 , 0 , 90.3 ,V+Kohli
C Green , 1 , 9 , 22 , 0 , - , 40.9 , 9 , 0 , 0 , 1 , 0 , 81.8 ,V+Kohli
C Overton , 3 , 22 , 56 , 0 , - , 39.3 , 16 , 0 , 0 , 3 , 0 , 80.4 ,V+Kohli
CBRLS Kumara , 3 , 33 , 41 , 0 , - , 80.5 , 23 , 0 , 0 , 3 , 0 , 46.3 ,V+Kohli
CJ Anderson , 3 , 16 , 25 , 0 , - , 64.0 , 9 , 0 , 0 , 2 , 0 , 68.0 ,V+Kohli
CJ Jordan , 4 , 30 , 43 , 2 , 15.0 , 69.8 , 16 , 0 , 0 , 5 , 0 , 69.8 ,V+Kohli
CR Brathwaite , 1 , 42 , 60 , 0 , - , 70.0 , 42 , 0 , 0 , 7 , 0 , 71.7 ,V+Kohli
CR Woakes , 12 , 131 , 233 , 3 , 43.7 , 56.2 , 40 , 0 , 0 , 16 , 1 , 74.2 ,V+Kohli
CS Martin , 1 , 11 , 19 , 1 , 11.0 , 57.9 , 11 , 0 , 0 , 2 , 0 , 78.9 ,V+Kohli
D Bishoo , 10 , 243 , 396 , 2 , 121.5 , 61.4 , 84 , 2 , 0 , 24 , 1 , 62.4 ,V+Kohli
D Elgar , 5 , 32 , 43 , 0 , - , 74.4 , 16 , 0 , 0 , 2 , 0 , 46.5 ,V+Kohli
D Olivier , 2 , 13 , 56 , 0 , - , 23.2 , 12 , 0 , 0 , 2 , 0 , 87.5 ,V+Kohli
DAJ Bracewell , 3 , 47 , 71 , 0 , - , 66.2 , 27 , 0 , 0 , 9 , 0 , 76.1 ,V+Kohli
DJG Sammy , 5 , 33 , 60 , 1 , 33.0 , 55.0 , 9 , 0 , 0 , 3 , 0 , 65.0 ,V+Kohli
DL Piedt , 3 , 45 , 60 , 1 , 45.0 , 75.0 , 26 , 0 , 0 , 7 , 0 , 61.7 ,V+Kohli
DM Bess , 2 , 31 , 35 , 1 , 31.0 , 88.6 , 27 , 0 , 0 , 4 , 0 , 51.4 ,V+Kohli
DM de Silva , 5 , 43 , 58 , 1 , 43.0 , 74.1 , 26 , 0 , 0 , 1 , 0 , 44.8 ,V+Kohli
DW Lawrence , 1 , 3 , 3 , 0 , - , 100.0 , 3 , 0 , 0 , 0 , 0 , 33.3 ,V+Kohli
DW Steyn , 5 , 50 , 110 , 1 , 50.0 , 45.5 , 17 , 0 , 0 , 7 , 0 , 79.1 ,V+Kohli
Ebadat Hossain , 1 , 39 , 45 , 1 , 39.0 , 86.7 , 39 , 0 , 0 , 6 , 0 , 66.7 ,V+Kohli
FDM Karunaratne , 1 , 4 , 7 , 0 , - , 57.1 , 4 , 0 , 0 , 0 , 0 , 42.9 ,V+Kohli
FH Edwards , 5 , 30 , 83 , 3 , 10.0 , 36.1 , 9 , 0 , 0 , 3 , 1 , 83.1 ,V+Kohli
GJ Batty , 2 , 17 , 15 , 0 , - , 113.3 , 14 , 0 , 0 , 2 , 0 , 40.0 ,V+Kohli
GJ Maxwell , 2 , 33 , 42 , 1 , 33.0 , 78.6 , 19 , 0 , 0 , 4 , 0 , 61.9 ,V+Kohli
GP Swann , 6 , 62 , 156 , 3 , 20.7 , 39.7 , 31 , 0 , 0 , 8 , 0 , 80.8 ,V+Kohli
HMRKB Herath , 11 , 107 , 228 , 2 , 53.5 , 46.9 , 24 , 0 , 0 , 6 , 1 , 69.7 ,V+Kohli
IJL Trott , 1 , 1 , 4 , 0 , - , 25.0 , 1 , 0 , 0 , 0 , 0 , 75.0 ,V+Kohli
Imran Tahir , 6 , 88 , 125 , 1 , 88.0 , 70.4 , 31 , 0 , 0 , 10 , 0 , 57.6 ,V+Kohli
IS Sodhi , 2 , 28 , 33 , 0 , - , 84.8 , 23 , 0 , 0 , 5 , 0 , 63.6 ,V+Kohli
JA Warrican , 1 , 13 , 38 , 0 , - , 34.2 , 13 , 0 , 0 , 1 , 0 , 76.3 ,V+Kohli
JC Archer , 3 , 11 , 19 , 0 , - , 57.9 , 5 , 0 , 0 , 1 , 0 , 63.2 ,V+Kohli
JD Campbell , 1 , 3 , 9 , 0 , - , 33.3 , 3 , 0 , 0 , 0 , 0 , 66.7 ,V+Kohli
JDS Neesham , 3 , 60 , 86 , 0 , - , 69.8 , 33 , 0 , 0 , 7 , 0 , 60.5 ,V+Kohli
JE Root , 7 , 37 , 52 , 0 , - , 71.2 , 15 , 0 , 0 , 4 , 0 , 53.8 ,V+Kohli
JEC Franklin , 2 , 16 , 53 , 0 , - , 30.2 , 9 , 0 , 0 , 2 , 0 , 83.0 ,V+Kohli
JH Kallis , 3 , 42 , 77 , 1 , 42.0 , 54.5 , 17 , 0 , 0 , 6 , 0 , 72.7 ,V+Kohli
JL Pattinson , 6 , 45 , 86 , 1 , 45.0 , 52.3 , 25 , 0 , 0 , 6 , 0 , 73.3 ,V+Kohli
JM Anderson , 36 , 305 , 710 , 7 , 43.6 , 43.0 , 35 , 0 , 0 , 39 , 0 , 78.9 ,V+Kohli
JO Holder , 6 , 69 , 144 , 2 , 34.5 , 47.9 , 39 , 0 , 0 , 7 , 0 , 75.0 ,V+Kohli
JP Duminy , 4 , 51 , 79 , 1 , 51.0 , 64.6 , 22 , 0 , 0 , 4 , 0 , 55.7 ,V+Kohli
JR Hazlewood , 14 , 167 , 335 , 3 , 55.7 , 49.9 , 38 , 0 , 0 , 21 , 1 , 77.9 ,V+Kohli
JS Patel , 7 , 124 , 197 , 2 , 62.0 , 62.9 , 43 , 0 , 0 , 11 , 1 , 61.9 ,V+Kohli
JT Ball , 1 , 28 , 44 , 0 , - , 63.6 , 28 , 0 , 0 , 5 , 0 , 70.5 ,V+Kohli
Jubair Hossain , 1 , 11 , 16 , 1 , 11.0 , 68.8 , 11 , 0 , 0 , 2 , 0 , 75.0 ,V+Kohli
K Rabada , 16 , 214 , 361 , 3 , 71.3 , 59.3 , 42 , 0 , 0 , 33 , 1 , 74.5 ,V+Kohli
KA Jamieson , 7 , 34 , 101 , 3 , 11.3 , 33.7 , 10 , 0 , 0 , 3 , 0 , 83.2 ,V+Kohli
KA Maharaj , 7 , 174 , 240 , 0 , - , 72.5 , 87 , 1 , 0 , 19 , 2 , 62.5 ,V+Kohli
KAJ Roach , 4 , 10 , 34 , 1 , 10.0 , 29.4 , 6 , 0 , 0 , 0 , 0 , 85.3 ,V+Kohli
Kamrul Islam Rabbi , 1 , 24 , 21 , 0 , - , 114.3 , 24 , 0 , 0 , 3 , 0 , 42.9 ,V+Kohli
KC Brathwaite , 4 , 37 , 55 , 0 , - , 67.3 , 18 , 0 , 0 , 2 , 0 , 43.6 ,V+Kohli
Khaled Ahmed , 2 , 5 , 4 , 0 , - , 125.0 , 4 , 0 , 0 , 1 , 0 , 50.0 ,V+Kohli
KJ Abbott , 2 , 21 , 50 , 1 , 21.0 , 42.0 , 14 , 0 , 0 , 3 , 0 , 82.0 ,V+Kohli
KK Jennings , 1 , 2 , 8 , 0 , - , 25.0 , 2 , 0 , 0 , 0 , 0 , 75.0 ,V+Kohli
KMA Paul , 1 , 3 , 23 , 0 , - , 13.0 , 3 , 0 , 0 , 0 , 0 , 91.3 ,V+Kohli
KS Williamson , 2 , 12 , 18 , 0 , - , 66.7 , 8 , 0 , 0 , 1 , 0 , 61.1 ,V+Kohli
KTGD Prasad , 4 , 31 , 98 , 0 , - , 31.6 , 11 , 0 , 0 , 3 , 0 , 84.7 ,V+Kohli
L Embuldeniya , 2 , 31 , 69 , 1 , 31.0 , 44.9 , 16 , 0 , 0 , 3 , 0 , 75.4 ,V+Kohli
L Ngidi , 9 , 66 , 173 , 4 , 16.5 , 38.2 , 30 , 0 , 0 , 7 , 0 , 80.9 ,V+Kohli
LA Dawson , 1 , 6 , 13 , 0 , - , 46.2 , 6 , 0 , 0 , 0 , 0 , 61.5 ,V+Kohli
LE Plunkett , 3 , 10 , 9 , 1 , 10.0 , 111.1 , 10 , 0 , 0 , 1 , 0 , 55.6 ,V+Kohli
M Jansen , 4 , 43 , 130 , 1 , 43.0 , 33.1 , 29 , 0 , 0 , 8 , 0 , 88.5 ,V+Kohli
M Labuschagne , 1 , 2 , 3 , 0 , - , 66.7 , 2 , 0 , 0 , 0 , 0 , 33.3 ,V+Kohli
M Morkel , 12 , 125 , 222 , 4 , 31.2 , 56.3 , 30 , 0 , 0 , 19 , 0 , 73.4 ,V+Kohli
MA Starc , 16 , 190 , 350 , 3 , 63.3 , 54.3 , 39 , 0 , 0 , 24 , 0 , 75.4 ,V+Kohli
MA Wood , 2 , 13 , 30 , 0 , - , 43.3 , 9 , 0 , 0 , 1 , 0 , 73.3 ,V+Kohli
MC Henriques , 3 , 31 , 45 , 0 , - , 68.9 , 13 , 0 , 0 , 5 , 0 , 68.9 ,V+Kohli
MD Craig , 1 , 6 , 11 , 1 , 6.0 , 54.5 , 6 , 0 , 0 , 1 , 0 , 72.7 ,V+Kohli
MD Gunathilaka , 1 , 8 , 15 , 0 , - , 53.3 , 8 , 0 , 0 , 0 , 0 , 53.3 ,V+Kohli
MD Shanaka , 2 , 66 , 81 , 0 , - , 81.5 , 34 , 0 , 0 , 9 , 0 , 54.3 ,V+Kohli
MDK Perera , 5 , 161 , 205 , 1 , 161.0 , 78.5 , 66 , 2 , 0 , 11 , 3 , 51.7 ,V+Kohli
Mehidy Hasan Miraz , 5 , 61 , 112 , 1 , 61.0 , 54.5 , 44 , 0 , 0 , 4 , 0 , 61.6 ,V+Kohli
MEK Hussey , 4 , 15 , 36 , 0 , - , 41.7 , 9 , 0 , 0 , 1 , 0 , 69.4 ,V+Kohli
MG Johnson , 7 , 146 , 160 , 3 , 48.7 , 91.2 , 68 , 1 , 0 , 22 , 0 , 61.9 ,V+Kohli
MJ Clarke , 4 , 37 , 42 , 0 , - , 88.1 , 18 , 0 , 0 , 4 , 1 , 57.1 ,V+Kohli
MJ Henry , 3 , 48 , 76 , 0 , - , 63.2 , 36 , 0 , 0 , 6 , 0 , 65.8 ,V+Kohli
MJ Leach , 6 , 64 , 149 , 1 , 64.0 , 43.0 , 31 , 0 , 0 , 5 , 0 , 76.5 ,V+Kohli
MJ Potts , 2 , 14 , 14 , 1 , 14.0 , 100.0 , 8 , 0 , 0 , 3 , 0 , 64.3 ,V+Kohli
MJ Santner , 5 , 82 , 165 , 0 , - , 49.7 , 58 , 1 , 0 , 7 , 0 , 65.5 ,V+Kohli
ML Cummins , 3 , 15 , 31 , 1 , 15.0 , 48.4 , 7 , 0 , 0 , 1 , 0 , 74.2 ,V+Kohli
MM Ali , 17 , 196 , 393 , 6 , 32.7 , 49.9 , 49 , 0 , 0 , 13 , 0 , 65.9 ,V+Kohli
MN Samuels , 2 , 39 , 67 , 0 , - , 58.2 , 36 , 0 , 0 , 1 , 1 , 58.2 ,V+Kohli
MR Marsh , 3 , 29 , 65 , 0 , - , 44.6 , 12 , 0 , 0 , 3 , 0 , 75.4 ,V+Kohli
MS Panesar , 5 , 53 , 197 , 1 , 53.0 , 26.9 , 36 , 0 , 0 , 7 , 0 , 84.8 ,V+Kohli
MVT Fernando , 2 , 24 , 41 , 0 , - , 58.5 , 12 , 0 , 0 , 4 , 0 , 75.6 ,V+Kohli
N Deonarine , 1 , 15 , 22 , 0 , - , 68.2 , 15 , 0 , 0 , 1 , 0 , 59.1 ,V+Kohli
N Pradeep , 6 , 64 , 121 , 2 , 32.0 , 52.9 , 25 , 0 , 0 , 6 , 0 , 70.2 ,V+Kohli
N Wagner , 7 , 73 , 138 , 3 , 24.3 , 52.9 , 19 , 0 , 0 , 11 , 0 , 77.5 ,V+Kohli
Najmul Hossain Shant , 1 , 6 , 9 , 0 , - , 66.7 , 6 , 0 , 0 , 0 , 0 , 33.3 ,V+Kohli
NM Lyon , 25 , 410 , 782 , 7 , 58.6 , 52.4 , 74 , 1 , 0 , 36 , 2 , 65.7 ,V+Kohli
OE Robinson , 6 , 59 , 142 , 3 , 19.7 , 41.5 , 22 , 0 , 0 , 10 , 0 , 83.8 ,V+Kohli
OP Stone , 1 , 4 , 11 , 0 , - , 36.4 , 4 , 0 , 0 , 0 , 0 , 72.7 ,V+Kohli
P Jayawickrama , 2 , 11 , 21 , 1 , 11.0 , 52.4 , 7 , 0 , 0 , 0 , 0 , 66.7 ,V+Kohli
PADLR Sandakan , 3 , 108 , 133 , 2 , 54.0 , 81.2 , 75 , 1 , 0 , 7 , 0 , 40.6 ,V+Kohli
PHT Kaushal , 4 , 69 , 74 , 3 , 23.0 , 93.2 , 46 , 0 , 0 , 8 , 0 , 47.3 ,V+Kohli
PJ Cummins , 10 , 82 , 247 , 5 , 16.4 , 33.2 , 27 , 0 , 0 , 8 , 0 , 83.8 ,V+Kohli
PLS Gamage , 4 , 121 , 138 , 1 , 121.0 , 87.7 , 46 , 0 , 0 , 14 , 0 , 45.7 ,V+Kohli
PM Pushpakumara , 1 , 16 , 26 , 0 , - , 61.5 , 16 , 0 , 0 , 1 , 0 , 57.7 ,V+Kohli
PM Siddle , 13 , 119 , 280 , 4 , 29.8 , 42.5 , 28 , 0 , 0 , 14 , 0 , 79.6 ,V+Kohli
PVD Chameera , 1 , 32 , 28 , 0 , - , 114.3 , 32 , 0 , 0 , 6 , 0 , 60.7 ,V+Kohli
PWA Mulder , 2 , 8 , 23 , 0 , - , 34.8 , 4 , 0 , 0 , 1 , 0 , 82.6 ,V+Kohli
R Rampaul , 5 , 32 , 82 , 1 , 32.0 , 39.0 , 15 , 0 , 0 , 2 , 0 , 72.0 ,V+Kohli
R Ravindra , 1 , 12 , 29 , 1 , 12.0 , 41.4 , 12 , 0 , 0 , 1 , 0 , 72.4 ,V+Kohli
RAS Lakmal , 6 , 142 , 160 , 1 , 142.0 , 88.8 , 44 , 0 , 0 , 16 , 2 , 55.6 ,V+Kohli
RJ Harris , 9 , 133 , 277 , 2 , 66.5 , 48.0 , 32 , 0 , 0 , 14 , 0 , 76.9 ,V+Kohli
RJ Peterson , 2 , 7 , 27 , 0 , - , 25.9 , 5 , 0 , 0 , 0 , 0 , 74.1 ,V+Kohli
RL Chase , 5 , 75 , 132 , 2 , 37.5 , 56.8 , 23 , 0 , 0 , 5 , 0 , 59.8 ,V+Kohli
RRS Cornwall , 1 , 29 , 71 , 0 , - , 40.8 , 29 , 0 , 0 , 4 , 0 , 80.3 ,V+Kohli
S Muthusamy , 2 , 41 , 53 , 1 , 41.0 , 77.4 , 40 , 0 , 0 , 2 , 1 , 50.9 ,V+Kohli
S Shillingford , 2 , 30 , 48 , 2 , 15.0 , 62.5 , 30 , 0 , 0 , 3 , 0 , 62.5 ,V+Kohli
S van Zyl , 1 , 1 , 9 , 1 , 1.0 , 11.1 , 1 , 0 , 0 , 0 , 0 , 88.9 ,V+Kohli
Sabbir Rahman , 1 , 7 , 12 , 0 , - , 58.3 , 7 , 0 , 0 , 0 , 0 , 50.0 ,V+Kohli
SCJ Broad , 23 , 190 , 372 , 5 , 38.0 , 51.1 , 24 , 0 , 0 , 24 , 0 , 73.7 ,V+Kohli
SH Lewis , 1 , 24 , 33 , 1 , 24.0 , 72.7 , 24 , 0 , 0 , 3 , 0 , 57.6 ,V+Kohli
Shakib Al Hasan , 4 , 34 , 48 , 1 , 34.0 , 70.8 , 21 , 0 , 0 , 3 , 1 , 60.4 ,V+Kohli
SM Curran , 10 , 103 , 147 , 2 , 51.5 , 70.1 , 35 , 0 , 0 , 13 , 0 , 63.9 ,V+Kohli
SNJ O'Keefe , 3 , 16 , 46 , 1 , 16.0 , 34.8 , 9 , 0 , 0 , 1 , 0 , 78.3 ,V+Kohli
SPD Smith , 6 , 45 , 49 , 0 , - , 91.8 , 22 , 0 , 0 , 4 , 1 , 42.9 ,V+Kohli
SR Harmer , 3 , 21 , 45 , 0 , - , 46.7 , 10 , 0 , 0 , 1 , 0 , 66.7 ,V+Kohli
SR Patel , 2 , 12 , 18 , 0 , - , 66.7 , 10 , 0 , 0 , 2 , 0 , 66.7 ,V+Kohli
SR Watson , 7 , 78 , 138 , 0 , - , 56.5 , 28 , 0 , 0 , 8 , 0 , 75.4 ,V+Kohli
SS Cottrell , 1 , 3 , 3 , 0 , - , 100.0 , 3 , 0 , 0 , 0 , 0 , 33.3 ,V+Kohli
ST Finn , 2 , 5 , 22 , 1 , 5.0 , 22.7 , 5 , 0 , 0 , 1 , 0 , 90.9 ,V+Kohli
ST Gabriel , 9 , 71 , 131 , 2 , 35.5 , 54.2 , 20 , 0 , 0 , 9 , 0 , 67.9 ,V+Kohli
TA Boult , 13 , 144 , 250 , 3 , 48.0 , 57.6 , 41 , 0 , 0 , 21 , 0 , 73.2 ,V+Kohli
Taijul Islam , 7 , 122 , 219 , 2 , 61.0 , 55.7 , 55 , 1 , 0 , 10 , 0 , 65.8 ,V+Kohli
Taskin Ahmed , 3 , 72 , 71 , 1 , 72.0 , 101.4 , 53 , 1 , 0 , 11 , 0 , 54.9 ,V+Kohli
TG Southee , 12 , 128 , 263 , 3 , 42.7 , 48.7 , 42 , 0 , 0 , 16 , 1 , 79.1 ,V+Kohli
TM Head , 1 , 6 , 3 , 0 , - , 200.0 , 6 , 0 , 0 , 1 , 0 , 0.0 ,V+Kohli
TT Bresnan , 1 , 21 , 42 , 0 , - , 50.0 , 21 , 0 , 0 , 2 , 0 , 69.0 ,V+Kohli
VD Philander , 11 , 141 , 276 , 1 , 141.0 , 51.1 , 39 , 0 , 0 , 20 , 0 , 76.4 ,V+Kohli
WER Somerville , 1 , 13 , 21 , 0 , - , 61.9 , 13 , 0 , 0 , 0 , 1 , 61.9 ,V+Kohli
XJ Doherty , 3 , 32 , 74 , 0 , - , 43.2 , 19 , 0 , 0 , 5 , 0 , 82.4 ,V+Kohli
Yasir Ali , 1 , 1 , 1 , 0 , - , 100.0 , 1 , 0 , 0 , 0 , 0 , 0.0 ,V+Kohli
ZS Ansari , 3 , 34 , 61 , 0 , - , 55.7 , 22 , 0 , 0 , 3 , 0 , 65.6 ,V+Kohli
Total,689,"8,100","14,609",164,49.4,55.4,87,12,0,912,24,70.0,V+Kohli
A Dananjaya , 2 , 1 , 4 , 1 , 1.0 , 25.0 , 1 , 0 , 0 , 0 , 0 , 75.0 ,KS+Williamson
Abdur Razzak , 3 , 90 , 147 , 1 , 90.0 , 61.2 , 42 , 0 , 0 , 6 , 1 , 67.3 ,KS+Williamson
Abdur Rehman , 3 , 25 , 78 , 0 , - , 32.1 , 20 , 0 , 0 , 4 , 0 , 85.9 ,KS+Williamson
Abrar Ahmed , 1 , 78 , 140 , 0 , - , 55.7 , 78 , 1 , 0 , 8 , 1 , 68.6 ,KS+Williamson
Abu Jayed , 2 , 39 , 58 , 0 , - , 67.2 , 27 , 0 , 0 , 6 , 0 , 67.2 ,KS+Williamson
AC Voges , 1 , 2 , 3 , 0 , - , 66.7 , 2 , 0 , 0 , 0 , 0 , 33.3 ,KS+Williamson
AD Mathews , 7 , 62 , 111 , 0 , - , 55.9 , 23 , 0 , 0 , 7 , 0 , 72.1 ,KS+Williamson
AG Cremer , 4 , 95 , 154 , 1 , 95.0 , 61.7 , 39 , 0 , 0 , 8 , 0 , 60.4 ,KS+Williamson
Al-Amin Hossain , 1 , 9 , 12 , 0 , - , 75.0 , 9 , 0 , 0 , 1 , 0 , 50.0 ,KS+Williamson
AR Patel , 2 , 7 , 35 , 0 , - , 20.0 , 5 , 0 , 0 , 1 , 0 , 88.6 ,KS+Williamson
AS Joseph , 1 , 38 , 73 , 1 , 38.0 , 52.1 , 38 , 0 , 0 , 3 , 1 , 75.3 ,KS+Williamson
Azhar Ali , 2 , 5 , 16 , 1 , 5.0 , 31.2 , 4 , 0 , 0 , 0 , 0 , 75.0 ,KS+Williamson
BA Stokes , 5 , 67 , 110 , 1 , 67.0 , 60.9 , 31 , 0 , 0 , 10 , 0 , 70.9 ,KS+Williamson
Bilal Asif , 6 , 93 , 187 , 0 , - , 49.7 , 41 , 0 , 0 , 5 , 0 , 69.0 ,KS+Williamson
BV Vitori , 1 , 1 , 2 , 0 , - , 50.0 , 1 , 0 , 0 , 0 , 0 , 50.0 ,KS+Williamson
C Overton , 1 , 25 , 45 , 0 , - , 55.6 , 25 , 0 , 0 , 3 , 0 , 73.3 ,KS+Williamson
CAK Rajitha , 1 , 27 , 25 , 0 , - , 108.0 , 27 , 0 , 0 , 3 , 0 , 48.0 ,KS+Williamson
CB Mpofu , 2 , 36 , 61 , 0 , - , 59.0 , 24 , 0 , 0 , 3 , 0 , 70.5 ,KS+Williamson
CBRLS Kumara , 3 , 28 , 47 , 2 , 14.0 , 59.6 , 24 , 0 , 0 , 4 , 0 , 68.1 ,KS+Williamson
CH Gayle , 1 , 8 , 12 , 0 , - , 66.7 , 8 , 0 , 0 , 1 , 0 , 58.3 ,KS+Williamson
CJ Chibhabha , 3 , 26 , 45 , 0 , - , 57.8 , 17 , 0 , 0 , 3 , 0 , 66.7 ,KS+Williamson
CR Woakes , 3 , 22 , 92 , 1 , 22.0 , 23.9 , 12 , 0 , 0 , 0 , 0 , 82.6 ,KS+Williamson
D Elgar , 1 , 8 , 3 , 0 , - , 266.7 , 8 , 0 , 0 , 2 , 0 , 33.3 ,KS+Williamson
DJG Sammy , 5 , 44 , 111 , 0 , - , 39.6 , 22 , 0 , 0 , 7 , 0 , 85.6 ,KS+Williamson
DL Piedt , 1 , 18 , 13 , 0 , - , 138.5 , 18 , 0 , 0 , 3 , 0 , 38.5 ,KS+Williamson
DM Bravo , 1 , 2 , 4 , 0 , - , 50.0 , 2 , 0 , 0 , 0 , 0 , 75.0 ,KS+Williamson
DM de Silva , 2 , 3 , 8 , 1 , 3.0 , 37.5 , 2 , 0 , 0 , 0 , 0 , 75.0 ,KS+Williamson
DT Tiripano , 3 , 49 , 65 , 0 , - , 75.4 , 27 , 0 , 0 , 6 , 0 , 64.6 ,KS+Williamson
DW Steyn , 11 , 56 , 212 , 3 , 18.7 , 26.4 , 15 , 0 , 0 , 4 , 0 , 83.0 ,KS+Williamson
Ebadat Hossain , 2 , 39 , 50 , 0 , - , 78.0 , 24 , 0 , 0 , 4 , 0 , 54.0 ,KS+Williamson
Ehsan Adil , 1 , 14 , 12 , 0 , - , 116.7 , 14 , 0 , 0 , 1 , 0 , 50.0 ,KS+Williamson
Faheem Ashraf , 2 , 82 , 124 , 1 , 82.0 , 66.1 , 66 , 1 , 0 , 13 , 0 , 71.0 ,KS+Williamson
GP Swann , 3 , 11 , 28 , 2 , 5.5 , 39.3 , 8 , 0 , 0 , 0 , 0 , 71.4 ,KS+Williamson
H Masakadza , 1 , 15 , 28 , 0 , - , 53.6 , 15 , 0 , 0 , 1 , 0 , 67.9 ,KS+Williamson
Harbhajan Singh , 3 , 53 , 147 , 1 , 53.0 , 36.1 , 35 , 0 , 0 , 4 , 0 , 74.8 ,KS+Williamson
Haris Sohail , 5 , 13 , 25 , 0 , - , 52.0 , 6 , 0 , 0 , 1 , 0 , 60.0 ,KS+Williamson
Hasan Ali , 5 , 66 , 130 , 3 , 22.0 , 50.8 , 29 , 0 , 0 , 9 , 0 , 81.5 ,KS+Williamson
HDRL Thirimanne , 1 , 7 , 23 , 0 , - , 30.4 , 7 , 0 , 0 , 0 , 0 , 73.9 ,KS+Williamson
HMRKB Herath , 9 , 181 , 376 , 1 , 181.0 , 48.1 , 92 , 1 , 0 , 13 , 1 , 71.8 ,KS+Williamson
I Sharma , 10 , 74 , 183 , 2 , 37.0 , 40.4 , 25 , 0 , 0 , 8 , 0 , 81.4 ,KS+Williamson
IJL Trott , 3 , 8 , 15 , 0 , - , 53.3 , 6 , 0 , 0 , 1 , 0 , 66.7 ,KS+Williamson
Imran Khan , 2 , 10 , 34 , 1 , 10.0 , 29.4 , 8 , 0 , 0 , 1 , 0 , 82.4 ,KS+Williamson
Imran Tahir , 2 , 44 , 83 , 0 , - , 53.0 , 37 , 0 , 0 , 5 , 0 , 73.5 ,KS+Williamson
J Nyumbu , 2 , 35 , 58 , 0 , - , 60.3 , 22 , 0 , 0 , 1 , 0 , 51.7 ,KS+Williamson
J Overton , 2 , 17 , 48 , 0 , - , 35.4 , 10 , 0 , 0 , 3 , 0 , 83.3 ,KS+Williamson
JC Archer , 2 , 30 , 68 , 0 , - , 44.1 , 20 , 0 , 0 , 3 , 0 , 72.1 ,KS+Williamson
JE Root , 6 , 30 , 38 , 0 , - , 78.9 , 11 , 0 , 0 , 5 , 0 , 68.4 ,KS+Williamson
JE Taylor , 6 , 65 , 182 , 0 , - , 35.7 , 27 , 0 , 0 , 8 , 0 , 81.3 ,KS+Williamson
JH Kallis , 3 , 7 , 29 , 1 , 7.0 , 24.1 , 4 , 0 , 0 , 1 , 0 , 89.7 ,KS+Williamson
JJ Bumrah , 5 , 51 , 144 , 2 , 25.5 , 35.4 , 28 , 0 , 0 , 9 , 0 , 86.1 ,KS+Williamson
JL Denly , 1 , 14 , 26 , 0 , - , 53.8 , 14 , 0 , 0 , 0 , 0 , 61.5 ,KS+Williamson
JL Pattinson , 8 , 38 , 78 , 3 , 12.7 , 48.7 , 15 , 0 , 0 , 3 , 0 , 74.4 ,KS+Williamson
JM Anderson , 18 , 143 , 381 , 7 , 20.4 , 37.5 , 28 , 0 , 0 , 21 , 0 , 84.3 ,KS+Williamson
JM Bird , 4 , 43 , 89 , 1 , 43.0 , 48.3 , 23 , 0 , 0 , 8 , 0 , 82.0 ,KS+Williamson
JO Holder , 4 , 55 , 154 , 0 , - , 35.7 , 35 , 0 , 0 , 7 , 0 , 82.5 ,KS+Williamson
JP Duminy , 4 , 69 , 95 , 0 , - , 72.6 , 34 , 0 , 0 , 9 , 0 , 64.2 ,KS+Williamson
JR Hazlewood , 11 , 141 , 273 , 2 , 70.5 , 51.6 , 46 , 0 , 0 , 21 , 0 , 78.4 ,KS+Williamson
K Rabada , 4 , 96 , 176 , 3 , 32.0 , 54.5 , 40 , 0 , 0 , 11 , 1 , 73.3 ,KS+Williamson
KA Maharaj , 2 , 80 , 131 , 0 , - , 61.1 , 41 , 0 , 0 , 7 , 1 , 67.2 ,KS+Williamson
KAJ Roach , 14 , 198 , 381 , 5 , 39.6 , 52.0 , 74 , 1 , 0 , 32 , 1 , 78.2 ,KS+Williamson
Kamrul Islam Rabbi , 3 , 36 , 33 , 1 , 36.0 , 109.1 , 24 , 0 , 0 , 5 , 0 , 51.5 ,KS+Williamson
KC Brathwaite , 3 , 17 , 19 , 0 , - , 89.5 , 11 , 0 , 0 , 1 , 0 , 42.1 ,KS+Williamson
Khaled Ahmed , 1 , 37 , 37 , 0 , - , 100.0 , 37 , 0 , 0 , 5 , 0 , 51.4 ,KS+Williamson
KM Jarvis , 2 , 16 , 43 , 1 , 16.0 , 37.2 , 12 , 0 , 0 , 1 , 0 , 79.1 ,KS+Williamson
KMDN Kulasekara , 3 , 33 , 79 , 2 , 16.5 , 41.8 , 22 , 0 , 0 , 3 , 0 , 75.9 ,KS+Williamson
KTGD Prasad , 4 , 84 , 127 , 2 , 42.0 , 66.1 , 49 , 0 , 0 , 9 , 0 , 66.1 ,KS+Williamson
L Embuldeniya , 1 , 0 , 13 , 1 , 0.0 , 0.0 , 0 , 0 , 0 , 0 , 0 , 100.0 ,KS+Williamson
M de Lange , 2 , 43 , 59 , 0 , - , 72.9 , 33 , 0 , 0 , 5 , 0 , 67.8 ,KS+Williamson
M Morkel , 11 , 122 , 245 , 2 , 61.0 , 49.8 , 45 , 0 , 0 , 13 , 1 , 75.5 ,KS+Williamson
M Vijay , 1 , 0 , 1 , 0 , - , 0.0 , 0 , 0 , 0 , 0 , 0 , 100.0 ,KS+Williamson
MA Starc , 11 , 83 , 205 , 4 , 20.8 , 40.5 , 21 , 0 , 0 , 10 , 0 , 80.0 ,KS+Williamson
MA Wood , 4 , 63 , 114 , 0 , - , 55.3 , 40 , 0 , 0 , 8 , 0 , 72.8 ,KS+Williamson
Marshall Ayub , 1 , 3 , 3 , 0 , - , 100.0 , 3 , 0 , 0 , 0 , 0 , 33.3 ,KS+Williamson
MD Gunathilaka , 1 , 13 , 21 , 0 , - , 61.9 , 13 , 0 , 0 , 1 , 0 , 61.9 ,KS+Williamson
MDK Perera , 3 , 48 , 53 , 0 , - , 90.6 , 22 , 0 , 0 , 4 , 0 , 49.1 ,KS+Williamson
MDUS Jayasundera , 2 , 21 , 19 , 0 , - , 110.5 , 13 , 0 , 0 , 2 , 0 , 36.8 ,KS+Williamson
Mehidy Hasan Miraz , 3 , 110 , 120 , 0 , - , 91.7 , 70 , 1 , 0 , 11 , 0 , 45.8 ,KS+Williamson
MEK Hussey , 1 , 4 , 4 , 0 , - , 100.0 , 4 , 0 , 0 , 0 , 0 , 50.0 ,KS+Williamson
MG Johnson , 4 , 138 , 134 , 0 , - , 103.0 , 55 , 2 , 0 , 23 , 0 , 59.0 ,KS+Williamson
Mir Hamza , 1 , 22 , 46 , 0 , - , 47.8 , 22 , 0 , 0 , 2 , 0 , 69.6 ,KS+Williamson
MJ Leach , 3 , 30 , 63 , 0 , - , 47.6 , 13 , 0 , 0 , 5 , 0 , 79.4 ,KS+Williamson
MJ Potts , 4 , 3 , 32 , 3 , 1.0 , 9.4 , 2 , 0 , 0 , 0 , 0 , 90.6 ,KS+Williamson
ML Cummins , 2 , 14 , 35 , 2 , 7.0 , 40.0 , 7 , 0 , 0 , 0 , 0 , 77.1 ,KS+Williamson
MM Ali , 2 , 42 , 82 , 1 , 42.0 , 51.2 , 22 , 0 , 0 , 2 , 1 , 72.0 ,KS+Williamson
MN Samuels , 1 , 5 , 9 , 0 , - , 55.6 , 5 , 0 , 0 , 0 , 0 , 66.7 ,KS+Williamson
Mohammad Abbas , 6 , 66 , 198 , 0 , - , 33.3 , 29 , 0 , 0 , 6 , 0 , 84.8 ,KS+Williamson
Mohammad Amir , 4 , 23 , 59 , 0 , - , 39.0 , 9 , 0 , 0 , 3 , 0 , 81.4 ,KS+Williamson
Mohammad Hafeez , 5 , 21 , 33 , 1 , 21.0 , 63.6 , 15 , 0 , 0 , 0 , 0 , 42.4 ,KS+Williamson
Mohammad Talha , 1 , 42 , 41 , 0 , - , 102.4 , 42 , 0 , 0 , 8 , 0 , 58.5 ,KS+Williamson
Mohammad Wasim(1) , 1 , 20 , 53 , 0 , - , 37.7 , 20 , 0 , 0 , 1 , 0 , 71.7 ,KS+Williamson
Mohammed Shami , 9 , 136 , 208 , 2 , 68.0 , 65.4 , 37 , 0 , 0 , 15 , 1 , 72.6 ,KS+Williamson
Mominul Haque , 2 , 23 , 23 , 0 , - , 100.0 , 19 , 0 , 0 , 2 , 0 , 34.8 ,KS+Williamson
MR Marsh , 8 , 77 , 128 , 2 , 38.5 , 60.2 , 26 , 0 , 0 , 8 , 0 , 73.4 ,KS+Williamson
MS Panesar , 4 , 64 , 148 , 1 , 64.0 , 43.2 , 19 , 0 , 0 , 8 , 0 , 79.1 ,KS+Williamson
MS Wade , 1 , 1 , 3 , 0 , - , 33.3 , 1 , 0 , 0 , 0 , 0 , 66.7 ,KS+Williamson
MT Chinouya , 3 , 22 , 53 , 1 , 22.0 , 41.5 , 11 , 0 , 0 , 2 , 0 , 77.4 ,KS+Williamson
Mustafizur Rahman , 1 , 17 , 20 , 0 , - , 85.0 , 17 , 0 , 0 , 3 , 0 , 75.0 ,KS+Williamson
N Deonarine , 3 , 9 , 46 , 2 , 4.5 , 19.6 , 5 , 0 , 0 , 0 , 0 , 87.0 ,KS+Williamson
N Ncube , 2 , 30 , 51 , 0 , - , 58.8 , 23 , 0 , 0 , 4 , 0 , 74.5 ,KS+Williamson
N Pradeep , 5 , 107 , 193 , 1 , 107.0 , 55.4 , 46 , 0 , 0 , 10 , 0 , 66.3 ,KS+Williamson
Naseem Shah , 3 , 101 , 137 , 1 , 101.0 , 73.7 , 47 , 0 , 0 , 12 , 0 , 67.9 ,KS+Williamson
Nasir Hossain , 3 , 14 , 21 , 0 , - , 66.7 , 11 , 0 , 0 , 1 , 0 , 66.7 ,KS+Williamson
Nauman Ali , 1 , 80 , 156 , 0 , - , 51.3 , 80 , 1 , 0 , 10 , 0 , 73.1 ,KS+Williamson
NM Lyon , 10 , 119 , 188 , 3 , 39.7 , 63.3 , 21 , 0 , 0 , 13 , 0 , 62.2 ,KS+Williamson
OE Robinson , 2 , 0 , 25 , 1 , 0.0 , 0.0 , 0 , 0 , 0 , 0 , 0 , 100.0 ,KS+Williamson
PHT Kaushal , 2 , 29 , 43 , 0 , - , 67.4 , 16 , 0 , 0 , 0 , 0 , 51.2 ,KS+Williamson
PJ Cummins , 4 , 19 , 38 , 0 , - , 50.0 , 12 , 0 , 0 , 4 , 0 , 86.8 ,KS+Williamson
PM Siddle , 7 , 25 , 56 , 2 , 12.5 , 44.6 , 10 , 0 , 0 , 4 , 0 , 80.4 ,KS+Williamson
PP Ojha , 9 , 91 , 273 , 5 , 18.2 , 33.3 , 34 , 0 , 0 , 8 , 0 , 82.8 ,KS+Williamson
PS Masvaure , 1 , 9 , 12 , 0 , - , 75.0 , 9 , 0 , 0 , 2 , 0 , 75.0 ,KS+Williamson
PVD Chameera , 5 , 114 , 143 , 2 , 57.0 , 79.7 , 49 , 0 , 0 , 17 , 0 , 65.7 ,KS+Williamson
R Ashwin , 12 , 167 , 308 , 5 , 33.4 , 54.2 , 36 , 0 , 0 , 17 , 0 , 72.1 ,KS+Williamson
R Rampaul , 1 , 2 , 20 , 0 , - , 10.0 , 2 , 0 , 0 , 0 , 0 , 90.0 ,KS+Williamson
RA Jadeja , 8 , 89 , 241 , 1 , 89.0 , 36.9 , 33 , 0 , 0 , 12 , 0 , 81.3 ,KS+Williamson
RA Reifer , 2 , 25 , 53 , 0 , - , 47.2 , 18 , 0 , 0 , 4 , 0 , 81.1 ,KS+Williamson
Rahat Ali , 5 , 44 , 91 , 2 , 22.0 , 48.4 , 29 , 0 , 0 , 5 , 0 , 76.9 ,KS+Williamson
RAS Lakmal , 11 , 124 , 239 , 1 , 124.0 , 51.9 , 34 , 0 , 0 , 14 , 0 , 71.5 ,KS+Williamson
RJ Peterson , 1 , 3 , 7 , 1 , 3.0 , 42.9 , 3 , 0 , 0 , 0 , 0 , 85.7 ,KS+Williamson
RK Kleinveldt , 1 , 0 , 6 , 0 , - , 0.0 , 0 , 0 , 0 , 0 , 0 , 100.0 ,KS+Williamson
RL Chase , 2 , 66 , 79 , 0 , - , 83.5 , 56 , 1 , 0 , 6 , 0 , 50.6 ,KS+Williamson
RMS Eranga , 6 , 53 , 126 , 1 , 53.0 , 42.1 , 27 , 0 , 0 , 5 , 0 , 76.2 ,KS+Williamson
Robiul Islam , 2 , 6 , 22 , 0 , - , 27.3 , 4 , 0 , 0 , 0 , 0 , 72.7 ,KS+Williamson
Rubel Hossain , 3 , 34 , 78 , 0 , - , 43.6 , 15 , 0 , 0 , 3 , 0 , 71.8 ,KS+Williamson
RW Price , 2 , 35 , 77 , 0 , - , 45.5 , 21 , 0 , 0 , 6 , 1 , 85.7 ,KS+Williamson
S Randiv , 2 , 25 , 64 , 0 , - , 39.1 , 24 , 0 , 0 , 1 , 0 , 68.8 ,KS+Williamson
S Shillingford , 4 , 67 , 99 , 0 , - , 67.7 , 40 , 0 , 0 , 6 , 0 , 55.6 ,KS+Williamson
S Sreesanth , 3 , 36 , 53 , 0 , - , 67.9 , 19 , 0 , 0 , 4 , 0 , 64.2 ,KS+Williamson
SC Williams , 1 , 10 , 10 , 0 , - , 100.0 , 10 , 0 , 0 , 1 , 0 , 40.0 ,KS+Williamson
SCJ Broad , 21 , 187 , 517 , 5 , 37.4 , 36.2 , 25 , 0 , 0 , 22 , 0 , 81.8 ,KS+Williamson
Shaheen Shah Afridi , 4 , 96 , 239 , 0 , - , 40.2 , 36 , 0 , 0 , 12 , 0 , 80.8 ,KS+Williamson
Shakib Al Hasan , 4 , 60 , 118 , 1 , 60.0 , 50.8 , 27 , 0 , 0 , 7 , 0 , 71.2 ,KS+Williamson
Shan Masood , 2 , 14 , 8 , 0 , - , 175.0 , 13 , 0 , 0 , 2 , 0 , 25.0 ,KS+Williamson
Sikandar Raza , 2 , 11 , 9 , 0 , - , 122.2 , 8 , 0 , 0 , 1 , 0 , 33.3 ,KS+Williamson
SJ Benn , 5 , 132 , 332 , 2 , 66.0 , 39.8 , 44 , 0 , 0 , 17 , 0 , 79.2 ,KS+Williamson
SK Raina , 4 , 21 , 45 , 0 , - , 46.7 , 11 , 0 , 0 , 1 , 0 , 66.7 ,KS+Williamson
SM Curran , 3 , 46 , 86 , 1 , 46.0 , 53.5 , 30 , 0 , 0 , 7 , 0 , 77.9 ,KS+Williamson
Sohag Gazi , 3 , 42 , 119 , 1 , 42.0 , 35.3 , 22 , 0 , 0 , 3 , 0 , 75.6 ,KS+Williamson
Sohail Khan , 4 , 31 , 46 , 2 , 15.5 , 67.4 , 15 , 0 , 0 , 4 , 0 , 67.4 ,KS+Williamson
Soumya Sarkar , 2 , 39 , 74 , 0 , - , 52.7 , 32 , 0 , 0 , 4 , 0 , 68.9 ,KS+Williamson
SP Narine , 5 , 42 , 91 , 1 , 42.0 , 46.2 , 14 , 0 , 0 , 4 , 0 , 73.6 ,KS+Williamson
SPD Smith , 1 , 9 , 9 , 0 , - , 100.0 , 9 , 0 , 0 , 1 , 0 , 44.4 ,KS+Williamson
SR Tendulkar , 1 , 5 , 6 , 0 , - , 83.3 , 5 , 0 , 0 , 0 , 0 , 33.3 ,KS+Williamson
ST Finn , 6 , 51 , 135 , 0 , - , 37.8 , 16 , 0 , 0 , 7 , 0 , 83.0 ,KS+Williamson
ST Gabriel , 6 , 79 , 159 , 1 , 79.0 , 49.7 , 37 , 0 , 0 , 14 , 0 , 78.6 ,KS+Williamson
Subashis Roy , 2 , 35 , 31 , 0 , - , 112.9 , 24 , 0 , 0 , 5 , 0 , 48.4 ,KS+Williamson
SW Masakadza , 1 , 3 , 5 , 0 , - , 60.0 , 3 , 0 , 0 , 0 , 0 , 60.0 ,KS+Williamson
Taijul Islam , 1 , 14 , 20 , 1 , 14.0 , 70.0 , 14 , 0 , 0 , 1 , 1 , 75.0 ,KS+Williamson
TAM Siriwardana , 2 , 20 , 30 , 0 , - , 66.7 , 18 , 0 , 0 , 1 , 0 , 46.7 ,KS+Williamson
Tanvir Ahmed , 3 , 13 , 33 , 2 , 6.5 , 39.4 , 12 , 0 , 0 , 1 , 0 , 69.7 ,KS+Williamson
Taskin Ahmed , 2 , 36 , 34 , 1 , 36.0 , 105.9 , 25 , 0 , 0 , 6 , 0 , 52.9 ,KS+Williamson
TL Best , 5 , 48 , 75 , 1 , 48.0 , 64.0 , 16 , 0 , 0 , 5 , 1 , 70.7 ,KS+Williamson
TM Dilshan , 1 , 12 , 14 , 0 , - , 85.7 , 12 , 0 , 0 , 2 , 0 , 57.1 ,KS+Williamson
Umar Gul , 3 , 31 , 55 , 1 , 31.0 , 56.4 , 14 , 0 , 0 , 3 , 0 , 67.3 ,KS+Williamson
UT Yadav , 10 , 53 , 118 , 1 , 53.0 , 44.9 , 13 , 0 , 0 , 5 , 0 , 73.7 ,KS+Williamson
V Kohli , 1 , 0 , 1 , 0 , - , 0.0 , 0 , 0 , 0 , 0 , 0 , 100.0 ,KS+Williamson
V Permaul , 2 , 54 , 91 , 1 , 54.0 , 59.3 , 34 , 0 , 0 , 6 , 0 , 71.4 ,KS+Williamson
V Sehwag , 2 , 5 , 2 , 0 , - , 250.0 , 4 , 0 , 0 , 1 , 0 , 0.0 ,KS+Williamson
VD Philander , 11 , 119 , 311 , 4 , 29.8 , 38.3 , 32 , 0 , 0 , 13 , 1 , 80.4 ,KS+Williamson
Wahab Riaz , 5 , 24 , 68 , 1 , 24.0 , 35.3 , 11 , 0 , 0 , 2 , 0 , 80.9 ,KS+Williamson
Yasir Shah , 12 , 287 , 444 , 3 , 95.7 , 64.6 , 55 , 1 , 0 , 25 , 2 , 63.5 ,KS+Williamson
Younis Khan , 1 , 5 , 5 , 0 , - , 100.0 , 5 , 0 , 0 , 1 , 0 , 60.0 ,KS+Williamson
Z Khan , 10 , 83 , 232 , 4 , 20.8 , 35.8 , 28 , 0 , 0 , 9 , 1 , 83.6 ,KS+Williamson
Zafar Gohar , 1 , 59 , 78 , 0 , - , 75.6 , 59 , 1 , 0 , 3 , 0 , 46.2 ,KS+Williamson
Zulfiqar Babar , 5 , 77 , 133 , 2 , 38.5 , 57.9 , 51 , 1 , 0 , 6 , 1 , 67.7 ,KS+Williamson
Total,619,"7,568","14,773",138,54.8,51.2,92,12,0,844,18,73.5,KS+Williamson
A Dananjaya , 2 , 57 , 64 , 1 , 57.0 , 89.1 , 41 , 0 , 0 , 6 , 1 , 51.6 ,JE+Root
A Mishra , 3 , 49 , 59 , 1 , 49.0 , 83.1 , 32 , 0 , 0 , 5 , 0 , 57.6 ,JE+Root
A Nortje , 10 , 87 , 147 , 3 , 29.0 , 59.2 , 25 , 0 , 0 , 12 , 0 , 68.7 ,JE+Root
Abrar Ahmed , 2 , 9 , 26 , 2 , 4.5 , 34.6 , 6 , 0 , 0 , 0 , 0 , 73.1 ,JE+Root
AC Agar , 2 , 50 , 83 , 0 , - , 60.2 , 46 , 0 , 0 , 6 , 0 , 68.7 ,JE+Root
AD Mathews , 4 , 18 , 43 , 1 , 18.0 , 41.9 , 12 , 0 , 0 , 1 , 0 , 74.4 ,JE+Root
Agha Salman , 1 , 7 , 6 , 0 , - , 116.7 , 7 , 0 , 0 , 0 , 0 , 16.7 ,JE+Root
AM Fernando , 2 , 27 , 56 , 0 , - , 48.2 , 17 , 0 , 0 , 3 , 0 , 69.6 ,JE+Root
AR McBrine , 1 , 3 , 15 , 0 , - , 20.0 , 3 , 0 , 0 , 0 , 0 , 80.0 ,JE+Root
AR Patel , 6 , 55 , 143 , 3 , 18.3 , 38.5 , 17 , 0 , 0 , 4 , 0 , 74.1 ,JE+Root
AS Joseph , 9 , 139 , 222 , 5 , 27.8 , 62.6 , 40 , 0 , 0 , 20 , 0 , 67.6 ,JE+Root
AY Patel , 2 , 2 , 14 , 1 , 2.0 , 14.3 , 2 , 0 , 0 , 0 , 0 , 92.9 ,JE+Root
Azhar Ali , 2 , 50 , 33 , 0 , - , 151.5 , 37 , 0 , 0 , 6 , 0 , 15.2 ,JE+Root
B Kumar , 8 , 89 , 151 , 1 , 89.0 , 58.9 , 22 , 0 , 0 , 10 , 1 , 72.2 ,JE+Root
BE Hendricks , 2 , 24 , 42 , 1 , 24.0 , 57.1 , 15 , 0 , 0 , 2 , 0 , 61.9 ,JE+Root
BP Martin , 6 , 55 , 147 , 1 , 55.0 , 37.4 , 16 , 0 , 0 , 4 , 0 , 81.6 ,JE+Root
C de Grandhomme , 9 , 35 , 100 , 2 , 17.5 , 35.0 , 16 , 0 , 0 , 4 , 0 , 81.0 ,JE+Root
C Green , 8 , 49 , 119 , 2 , 24.5 , 41.2 , 10 , 0 , 0 , 3 , 0 , 74.8 ,JE+Root
CH Morris , 8 , 90 , 94 , 3 , 30.0 , 95.7 , 23 , 0 , 0 , 14 , 0 , 62.8 ,JE+Root
CJ Anderson , 1 , 6 , 11 , 0 , - , 54.5 , 6 , 0 , 0 , 0 , 0 , 63.6 ,JE+Root
D Bishoo , 3 , 106 , 119 , 1 , 106.0 , 89.1 , 83 , 1 , 0 , 7 , 4 , 56.3 ,JE+Root
D Elgar , 4 , 16 , 39 , 0 , - , 41.0 , 10 , 0 , 0 , 0 , 0 , 61.5 ,JE+Root
D Olivier , 4 , 29 , 52 , 2 , 14.5 , 55.8 , 18 , 0 , 0 , 4 , 0 , 75.0 ,JE+Root
D Paterson , 2 , 27 , 49 , 0 , - , 55.1 , 19 , 0 , 0 , 2 , 0 , 63.3 ,JE+Root
D Pretorius , 5 , 54 , 104 , 1 , 54.0 , 51.9 , 27 , 0 , 0 , 6 , 1 , 75.0 ,JE+Root
DA Warner , 2 , 14 , 16 , 0 , - , 87.5 , 10 , 0 , 0 , 1 , 0 , 50.0 ,JE+Root
DAJ Bracewell , 1 , 34 , 49 , 0 , - , 69.4 , 34 , 0 , 0 , 2 , 0 , 61.2 ,JE+Root
DJ Mitchell , 2 , 40 , 79 , 0 , - , 50.6 , 34 , 0 , 0 , 4 , 0 , 69.6 ,JE+Root
DL Piedt , 5 , 64 , 97 , 2 , 32.0 , 66.0 , 25 , 0 , 0 , 5 , 1 , 58.8 ,JE+Root
DW Steyn , 1 , 6 , 6 , 0 , - , 100.0 , 6 , 0 , 0 , 1 , 0 , 50.0 ,JE+Root
Faheem Ashraf , 4 , 10 , 23 , 0 , - , 43.5 , 4 , 0 , 0 , 2 , 0 , 82.6 ,JE+Root
G Gambhir , 1 , 2 , 5 , 0 , - , 40.0 , 2 , 0 , 0 , 0 , 0 , 60.0 ,JE+Root
GC Viljoen , 1 , 21 , 35 , 0 , - , 60.0 , 21 , 0 , 0 , 3 , 0 , 71.4 ,JE+Root
GH Vihari , 1 , 12 , 19 , 1 , 12.0 , 63.2 , 12 , 0 , 0 , 0 , 0 , 47.4 ,JE+Root
Haris Rauf , 1 , 0 , 7 , 0 , - , 0.0 , 0 , 0 , 0 , 0 , 0 , 100.0 ,JE+Root
Hasan Ali , 3 , 34 , 59 , 1 , 34.0 , 57.6 , 17 , 0 , 0 , 4 , 0 , 71.2 ,JE+Root
HDRL Thirimanne , 1 , 2 , 2 , 0 , - , 100.0 , 2 , 0 , 0 , 0 , 0 , 0.0 ,JE+Root
HH Pandya , 3 , 17 , 41 , 1 , 17.0 , 41.5 , 12 , 0 , 0 , 2 , 0 , 75.6 ,JE+Root
HMRKB Herath , 7 , 107 , 215 , 3 , 35.7 , 49.8 , 62 , 1 , 0 , 5 , 0 , 67.4 ,JE+Root
I Sharma , 21 , 243 , 468 , 2 , 121.5 , 51.9 , 49 , 0 , 0 , 25 , 0 , 71.2 ,JE+Root
Imran Khan , 3 , 18 , 38 , 0 , - , 47.4 , 13 , 0 , 0 , 3 , 0 , 81.6 ,JE+Root
IS Sodhi , 2 , 16 , 17 , 0 , - , 94.1 , 11 , 0 , 0 , 2 , 0 , 47.1 ,JE+Root
J Blackwood , 1 , 5 , 2 , 0 , - , 250.0 , 5 , 0 , 0 , 1 , 0 , 0.0 ,JE+Root
J Yadav , 5 , 21 , 51 , 2 , 10.5 , 41.2 , 10 , 0 , 0 , 1 , 0 , 66.7 ,JE+Root
JA Richardson , 2 , 27 , 50 , 0 , - , 54.0 , 23 , 0 , 0 , 3 , 0 , 70.0 ,JE+Root
JE Taylor , 4 , 15 , 28 , 1 , 15.0 , 53.6 , 11 , 0 , 0 , 2 , 0 , 78.6 ,JE+Root
JJ Bumrah , 18 , 244 , 480 , 6 , 40.7 , 50.8 , 45 , 0 , 0 , 28 , 0 , 72.5 ,JE+Root
JL Pattinson , 6 , 66 , 207 , 0 , - , 31.9 , 19 , 0 , 0 , 9 , 0 , 82.6 ,JE+Root
JM Bird , 3 , 25 , 56 , 0 , - , 44.6 , 15 , 0 , 0 , 2 , 0 , 78.6 ,JE+Root
JNT Seales , 3 , 36 , 102 , 0 , - , 35.3 , 20 , 0 , 0 , 1 , 0 , 72.5 ,JE+Root
JO Holder , 20 , 203 , 381 , 4 , 50.8 , 53.3 , 36 , 0 , 0 , 30 , 0 , 75.3 ,JE+Root
JP Duminy , 2 , 2 , 3 , 0 , - , 66.7 , 1 , 0 , 0 , 0 , 0 , 33.3 ,JE+Root
JP Faulkner , 1 , 13 , 21 , 0 , - , 61.9 , 13 , 0 , 0 , 2 , 0 , 76.2 ,JE+Root
JR Hazlewood , 24 , 260 , 502 , 8 , 32.5 , 51.8 , 29 , 0 , 0 , 41 , 0 , 78.1 ,JE+Root
K Rabada , 17 , 200 , 300 , 4 , 50.0 , 66.7 , 58 , 1 , 0 , 31 , 0 , 70.7 ,JE+Root
KA Jamieson , 5 , 67 , 99 , 1 , 67.0 , 67.7 , 30 , 0 , 0 , 9 , 0 , 68.7 ,JE+Root
KA Maharaj , 13 , 212 , 316 , 2 , 106.0 , 67.1 , 60 , 1 , 0 , 28 , 1 , 66.1 ,JE+Root
KAJ Roach , 17 , 199 , 323 , 3 , 66.3 , 61.6 , 34 , 0 , 0 , 26 , 0 , 69.7 ,JE+Root
Kamrul Islam Rabbi , 1 , 16 , 15 , 0 , - , 106.7 , 16 , 0 , 0 , 3 , 0 , 60.0 ,JE+Root
KC Brathwaite , 4 , 26 , 52 , 0 , - , 50.0 , 14 , 0 , 0 , 2 , 0 , 63.5 ,JE+Root
KJ Abbott , 4 , 44 , 91 , 1 , 44.0 , 48.4 , 23 , 0 , 0 , 6 , 1 , 83.5 ,JE+Root
KMA Paul , 1 , 7 , 29 , 0 , - , 24.1 , 7 , 0 , 0 , 1 , 0 , 89.7 ,JE+Root
KMDN Kulasekara , 1 , 29 , 50 , 0 , - , 58.0 , 29 , 0 , 0 , 4 , 0 , 74.0 ,JE+Root
KR Mayers , 2 , 2 , 12 , 2 , 1.0 , 16.7 , 2 , 0 , 0 , 0 , 0 , 91.7 ,JE+Root
KS Williamson , 6 , 52 , 56 , 0 , - , 92.9 , 28 , 0 , 0 , 4 , 0 , 48.2 ,JE+Root
KTGD Prasad , 1 , 7 , 24 , 0 , - , 29.2 , 7 , 0 , 0 , 1 , 0 , 83.3 ,JE+Root
Kuldeep Yadav , 2 , 9 , 26 , 0 , - , 34.6 , 6 , 0 , 0 , 1 , 0 , 76.9 ,JE+Root
L Embuldeniya , 3 , 200 , 247 , 0 , - , 81.0 , 107 , 1 , 1 , 21 , 0 , 55.1 ,JE+Root
L Ngidi , 2 , 3 , 4 , 1 , 3.0 , 75.0 , 2 , 0 , 0 , 0 , 0 , 50.0 ,JE+Root
M Jansen , 2 , 6 , 17 , 2 , 3.0 , 35.3 , 6 , 0 , 0 , 1 , 0 , 82.4 ,JE+Root
M Labuschagne , 2 , 15 , 25 , 0 , - , 60.0 , 10 , 0 , 0 , 0 , 0 , 52.0 ,JE+Root
M Morkel , 15 , 203 , 320 , 2 , 101.5 , 63.4 , 44 , 0 , 0 , 25 , 0 , 70.9 ,JE+Root
M Vijay , 2 , 5 , 6 , 0 , - , 83.3 , 4 , 0 , 0 , 0 , 0 , 33.3 ,JE+Root
MA Starc , 25 , 290 , 552 , 7 , 41.4 , 52.5 , 44 , 0 , 0 , 41 , 0 , 77.7 ,JE+Root
MD Craig , 3 , 70 , 80 , 1 , 70.0 , 87.5 , 38 , 0 , 0 , 11 , 0 , 60.0 ,JE+Root
MD Shanaka , 2 , 11 , 19 , 1 , 11.0 , 57.9 , 11 , 0 , 0 , 1 , 0 , 63.2 ,JE+Root
MDK Perera , 10 , 151 , 270 , 1 , 151.0 , 55.9 , 57 , 1 , 0 , 4 , 2 , 54.8 ,JE+Root
Mehidy Hasan Miraz , 4 , 23 , 31 , 1 , 23.0 , 74.2 , 12 , 0 , 0 , 1 , 0 , 45.2 ,JE+Root
MG Bracewell , 2 , 65 , 73 , 0 , - , 89.0 , 41 , 0 , 0 , 8 , 0 , 47.9 ,JE+Root
MG Johnson , 16 , 174 , 394 , 4 , 43.5 , 44.2 , 36 , 0 , 0 , 22 , 1 , 79.7 ,JE+Root
MG Neser , 2 , 17 , 37 , 0 , - , 45.9 , 14 , 0 , 0 , 1 , 0 , 75.7 ,JE+Root
MJ Clarke , 1 , 1 , 3 , 0 , - , 33.3 , 1 , 0 , 0 , 0 , 0 , 66.7 ,JE+Root
MJ Guptill , 1 , 13 , 8 , 0 , - , 162.5 , 13 , 0 , 0 , 2 , 0 , 12.5 ,JE+Root
MJ Henry , 7 , 130 , 231 , 3 , 43.3 , 56.3 , 47 , 0 , 0 , 16 , 1 , 71.9 ,JE+Root
MJ Santner , 4 , 92 , 177 , 1 , 92.0 , 52.0 , 54 , 1 , 0 , 11 , 0 , 70.6 ,JE+Root
ML Cummins , 1 , 27 , 50 , 0 , - , 54.0 , 27 , 0 , 0 , 2 , 0 , 66.0 ,JE+Root
MN Samuels , 4 , 46 , 54 , 0 , - , 85.2 , 20 , 0 , 0 , 4 , 0 , 48.1 ,JE+Root
Mohammad Abbas , 7 , 36 , 99 , 1 , 36.0 , 36.4 , 9 , 0 , 0 , 4 , 0 , 84.8 ,JE+Root
Mohammad Ali , 3 , 39 , 33 , 0 , - , 118.2 , 21 , 0 , 0 , 4 , 0 , 39.4 ,JE+Root
Mohammad Amir , 10 , 120 , 238 , 1 , 120.0 , 50.4 , 38 , 0 , 0 , 13 , 0 , 71.8 ,JE+Root
Mohammad Nawaz(3) , 2 , 12 , 11 , 0 , - , 109.1 , 11 , 0 , 0 , 1 , 0 , 45.5 ,JE+Root
Mohammed Shami , 22 , 297 , 490 , 2 , 148.5 , 60.6 , 33 , 0 , 0 , 41 , 0 , 68.6 ,JE+Root
Mohammed Siraj , 12 , 208 , 304 , 2 , 104.0 , 68.4 , 50 , 1 , 0 , 28 , 0 , 64.1 ,JE+Root
MR Adair , 2 , 3 , 11 , 2 , 1.5 , 27.3 , 2 , 0 , 0 , 0 , 0 , 81.8 ,JE+Root
MR Marsh , 10 , 46 , 103 , 1 , 46.0 , 44.7 , 12 , 0 , 0 , 5 , 0 , 77.7 ,JE+Root
N Pradeep , 6 , 77 , 102 , 3 , 25.7 , 75.5 , 48 , 0 , 0 , 9 , 0 , 58.8 ,JE+Root
N Wagner , 16 , 205 , 451 , 4 , 51.2 , 45.5 , 69 , 1 , 0 , 20 , 1 , 74.3 ,JE+Root
Naseem Shah , 4 , 54 , 80 , 2 , 27.0 , 67.5 , 25 , 0 , 0 , 9 , 0 , 68.8 ,JE+Root
Nauman Ali , 1 , 0 , 1 , 1 , 0.0 , 0.0 , 0 , 0 , 0 , 0 , 0 , 100.0 ,JE+Root
NE Bonner , 2 , 4 , 7 , 0 , - , 57.1 , 2 , 0 , 0 , 0 , 0 , 42.9 ,JE+Root
NM Lyon , 35 , 388 , 778 , 7 , 55.4 , 49.9 , 39 , 0 , 0 , 31 , 2 , 68.8 ,JE+Root
PADLR Sandakan , 1 , 16 , 18 , 1 , 16.0 , 88.9 , 16 , 0 , 0 , 2 , 0 , 50.0 ,JE+Root
Pankaj Singh , 3 , 21 , 38 , 1 , 21.0 , 55.3 , 15 , 0 , 0 , 2 , 0 , 71.1 ,JE+Root
PJ Cummins , 23 , 190 , 411 , 8 , 23.8 , 46.2 , 20 , 0 , 0 , 22 , 0 , 77.4 ,JE+Root
PJ Malan , 1 , 5 , 8 , 0 , - , 62.5 , 5 , 0 , 0 , 1 , 0 , 75.0 ,JE+Root
PM Pushpakumara , 4 , 81 , 103 , 2 , 40.5 , 78.6 , 51 , 1 , 0 , 9 , 0 , 55.3 ,JE+Root
PM Siddle , 17 , 172 , 374 , 3 , 57.3 , 46.0 , 40 , 0 , 0 , 21 , 0 , 79.1 ,JE+Root
PP Chawla , 1 , 21 , 39 , 1 , 21.0 , 53.8 , 21 , 0 , 0 , 2 , 0 , 71.8 ,JE+Root
PP Ojha , 1 , 19 , 46 , 0 , - , 41.3 , 19 , 0 , 0 , 2 , 0 , 80.4 ,JE+Root
PVD Chameera , 1 , 0 , 4 , 0 , - , 0.0 , 0 , 0 , 0 , 0 , 0 , 100.0 ,JE+Root
PWA Mulder , 1 , 7 , 7 , 0 , - , 100.0 , 7 , 0 , 0 , 1 , 0 , 57.1 ,JE+Root
PWH de Silva , 1 , 36 , 47 , 0 , - , 76.6 , 36 , 0 , 0 , 3 , 0 , 51.1 ,JE+Root
R Ashwin , 21 , 360 , 583 , 5 , 72.0 , 61.7 , 54 , 1 , 0 , 34 , 3 , 64.2 ,JE+Root
RA Jadeja , 24 , 430 , 950 , 5 , 86.0 , 45.3 , 60 , 1 , 0 , 40 , 2 , 72.1 ,JE+Root
Rahat Ali , 7 , 98 , 162 , 3 , 32.7 , 60.5 , 37 , 0 , 0 , 13 , 0 , 68.5 ,JE+Root
RAS Lakmal , 6 , 47 , 93 , 1 , 47.0 , 50.5 , 14 , 0 , 0 , 4 , 0 , 71.0 ,JE+Root
RG Sharma , 3 , 19 , 17 , 0 , - , 111.8 , 13 , 0 , 0 , 2 , 0 , 29.4 ,JE+Root
RJ Harris , 14 , 72 , 229 , 5 , 14.4 , 31.4 , 15 , 0 , 0 , 7 , 0 , 83.4 ,JE+Root
RL Chase , 8 , 123 , 185 , 1 , 123.0 , 66.5 , 42 , 0 , 0 , 9 , 0 , 55.1 ,JE+Root
RMS Eranga , 6 , 91 , 151 , 0 , - , 60.3 , 47 , 0 , 0 , 11 , 0 , 70.2 ,JE+Root
RRS Cornwall , 2 , 30 , 28 , 0 , - , 107.1 , 24 , 0 , 0 , 2 , 1 , 42.9 ,JE+Root
RTM Mendis , 2 , 39 , 54 , 1 , 39.0 , 72.2 , 34 , 0 , 0 , 5 , 0 , 55.6 ,JE+Root
S Dhawan , 1 , 1 , 2 , 0 , - , 50.0 , 1 , 0 , 0 , 0 , 0 , 50.0 ,JE+Root
S Nadeem , 2 , 72 , 91 , 1 , 72.0 , 79.1 , 64 , 1 , 0 , 10 , 0 , 56.0 ,JE+Root
S van Zyl , 2 , 5 , 24 , 0 , - , 20.8 , 4 , 0 , 0 , 0 , 0 , 79.2 ,JE+Root
Sabbir Rahman , 1 , 1 , 1 , 0 , - , 100.0 , 1 , 0 , 0 , 0 , 0 , 0.0 ,JE+Root
Shadab Khan , 3 , 30 , 42 , 0 , - , 71.4 , 26 , 0 , 0 , 3 , 0 , 57.1 ,JE+Root
Shaheen Shah Afridi , 2 , 1 , 28 , 0 , - , 3.6 , 1 , 0 , 0 , 0 , 0 , 96.4 ,JE+Root
Shakib Al Hasan , 4 , 32 , 72 , 2 , 16.0 , 44.4 , 21 , 0 , 0 , 4 , 0 , 76.4 ,JE+Root
Shan Masood , 1 , 8 , 10 , 0 , - , 80.0 , 8 , 0 , 0 , 0 , 0 , 40.0 ,JE+Root
Shoaib Malik , 5 , 62 , 59 , 0 , - , 105.1 , 20 , 0 , 0 , 5 , 0 , 42.4 ,JE+Root
SJ Benn , 2 , 70 , 113 , 0 , - , 61.9 , 38 , 0 , 0 , 6 , 1 , 73.5 ,JE+Root
SM Boland , 6 , 39 , 74 , 4 , 9.8 , 52.7 , 25 , 0 , 0 , 6 , 0 , 77.0 ,JE+Root
SN Thakur , 5 , 63 , 96 , 2 , 31.5 , 65.6 , 29 , 0 , 0 , 5 , 1 , 61.5 ,JE+Root
Sohail Khan , 4 , 46 , 66 , 1 , 46.0 , 69.7 , 19 , 0 , 0 , 6 , 0 , 65.2 ,JE+Root
SPD Smith , 3 , 54 , 61 , 0 , - , 88.5 , 46 , 0 , 0 , 2 , 2 , 45.9 ,JE+Root
SR Thompson , 1 , 1 , 8 , 0 , - , 12.5 , 1 , 0 , 0 , 0 , 0 , 87.5 ,JE+Root
SR Watson , 10 , 54 , 179 , 2 , 27.0 , 30.2 , 20 , 0 , 0 , 7 , 0 , 87.2 ,JE+Root
ST Gabriel , 9 , 92 , 181 , 2 , 46.0 , 50.8 , 21 , 0 , 0 , 12 , 0 , 72.9 ,JE+Root
STR Binny , 3 , 44 , 65 , 0 , - , 67.7 , 26 , 0 , 0 , 6 , 0 , 63.1 ,JE+Root
T Bavuma , 1 , 6 , 9 , 0 , - , 66.7 , 6 , 0 , 0 , 0 , 0 , 33.3 ,JE+Root
TA Boult , 20 , 195 , 465 , 7 , 27.9 , 41.9 , 37 , 0 , 0 , 22 , 0 , 77.6 ,JE+Root
Taijul Islam , 2 , 26 , 58 , 1 , 26.0 , 44.8 , 23 , 0 , 0 , 1 , 0 , 70.7 ,JE+Root
TAM Siriwardana , 1 , 5 , 5 , 0 , - , 100.0 , 5 , 0 , 0 , 0 , 0 , 20.0 ,JE+Root
TB de Bruyn , 1 , 19 , 11 , 0 , - , 172.7 , 19 , 0 , 0 , 3 , 0 , 36.4 ,JE+Root
TG Southee , 22 , 311 , 589 , 6 , 51.8 , 52.8 , 56 , 2 , 0 , 39 , 1 , 73.7 ,JE+Root
TJ Murtagh , 1 , 15 , 23 , 0 , - , 65.2 , 15 , 0 , 0 , 2 , 0 , 69.6 ,JE+Root
UT Yadav , 12 , 113 , 184 , 2 , 56.5 , 61.4 , 22 , 0 , 0 , 13 , 0 , 66.8 ,JE+Root
V Permaul , 4 , 92 , 125 , 2 , 46.0 , 73.6 , 36 , 0 , 0 , 11 , 0 , 57.6 ,JE+Root
VD Philander , 11 , 80 , 148 , 2 , 40.0 , 54.1 , 24 , 0 , 0 , 11 , 0 , 70.3 ,JE+Root
VR Aaron , 2 , 65 , 108 , 0 , - , 60.2 , 41 , 0 , 0 , 10 , 0 , 74.1 ,JE+Root
Wahab Riaz , 8 , 137 , 235 , 3 , 45.7 , 58.3 , 49 , 0 , 0 , 15 , 0 , 69.4 ,JE+Root
Washington Sundar , 1 , 46 , 55 , 0 , - , 83.6 , 46 , 0 , 0 , 6 , 0 , 52.7 ,JE+Root
WB Rankin , 1 , 11 , 14 , 0 , - , 78.6 , 11 , 0 , 0 , 1 , 0 , 50.0 ,JE+Root
Yasir Shah , 14 , 263 , 425 , 5 , 52.6 , 61.9 , 85 , 1 , 0 , 32 , 0 , 65.2 ,JE+Root
Zahid Mahmood , 3 , 33 , 38 , 2 , 16.5 , 86.8 , 20 , 0 , 0 , 2 , 0 , 42.1 ,JE+Root
Zulfiqar Babar , 5 , 68 , 170 , 1 , 68.0 , 40.0 , 25 , 0 , 0 , 4 , 0 , 72.4 ,JE+Root
Total,888,"10,628","19,077",207,51.3,55.7,107,16,1,"1,186",28,70.0,JE+Root
